{
  "parent": "minecraft:recipes/root",
  "criteria": {
    "has_bamboo_slab": {
      "conditions": {
        "items": [
          {
            "items": [
              "minecraft:bamboo_slab"
            ]
          }
        ]
      },
      "trigger": "minecraft:inventory_changed"
    },
    "has_the_recipe": {
      "conditions": {
        "recipe": "minecraft:bamboo_mosaic"
      },
      "trigger": "minecraft:recipe_unlocked"
    }
  },
  "requirements": [
    [
      "has_bamboo_slab",
      "has_the_recipe"
    ]
  ],
  "rewards": {
    "recipes": [
      "minecraft:bamboo_mosaic"
    ]
  }
}