{
  "parent": "minecraft:recipes/root",
  "criteria": {
    "has_brick": {
      "conditions": {
        "items": [
          {
            "tag": "minecraft:decorated_pot_shards"
          }
        ]
      },
      "trigger": "minecraft:inventory_changed"
    },
    "has_the_recipe": {
      "conditions": {
        "recipe": "minecraft:decorated_pot_simple"
      },
      "trigger": "minecraft:recipe_unlocked"
    }
  },
  "requirements": [
    [
      "has_brick",
      "has_the_recipe"
    ]
  ],
  "rewards": {
    "recipes": [
      "minecraft:decorated_pot_simple"
    ]
  }
}