{
  "parent": "minecraft:recipes/root",
  "criteria": {
    "has_log": {
      "conditions": {
        "items": [
          {
            "items": [
              "minecraft:cherry_log"
            ]
          }
        ]
      },
      "trigger": "minecraft:inventory_changed"
    },
    "has_the_recipe": {
      "conditions": {
        "recipe": "minecraft:cherry_wood"
      },
      "trigger": "minecraft:recipe_unlocked"
    }
  },
  "requirements": [
    [
      "has_log",
      "has_the_recipe"
    ]
  ],
  "rewards": {
    "recipes": [
      "minecraft:cherry_wood"
    ]
  }
}