{
  "type": "minecraft:entity",
  "pools": [
    {
      "bonus_rolls": 0.0,
      "entries": [
        {
          "type": "minecraft:item",
          "conditions": [
            {
              "condition": "minecraft:killed_by_player"
            },
            {
              "chance": 0.1,
              "condition": "minecraft:random_chance_with_looting",
              "looting_multiplier": 0.02
            }
          ],
          "functions": [
            {
              "add": false,
              "count": 1.0,
              "function": "minecraft:set_count"
            }
          ],
          "name": "minecraft:moss_block"
        }
      ],
      "rolls": 1.0
    }
  ]
}